{"nm":"Main Composition","ddd":0,"h":361,"w":390,"meta":{"g":"LottieFiles AE 3.5.9"},"layers":[{"ty":4,"nm":"Check mark","sr":1,"st":40,"op":120,"ip":40,"hd":false,"ddd":0,"bm":0,"hasMask":false,"ao":0,"ks":{"a":{"a":0,"k":[0,0,0],"ix":1},"s":{"a":0,"k":[100,100,100],"ix":6},"sk":{"a":0,"k":0},"p":{"a":0,"k":[193.5,181.25,0],"ix":2},"r":{"a":0,"k":0,"ix":10},"sa":{"a":0,"k":0},"o":{"a":0,"k":100,"ix":11}},"ef":[],"shapes":[{"ty":"gr","bm":0,"hd":false,"mn":"ADBE Vector Group","nm":"Shape 1","ix":1,"cix":2,"np":3,"it":[{"ty":"sh","bm":0,"hd":false,"mn":"ADBE Vector Shape - Group","nm":"Path 1","ix":1,"d":1,"ks":{"a":0,"k":{"c":false,"i":[[0,0],[0,0],[0,0]],"o":[[0,0],[0,0],[0,0]],"v":[[-19,-3],[-4,11.5],[22,-14]]},"ix":2}},{"ty":"st","bm":0,"hd":false,"mn":"ADBE Vector Graphic - Stroke","nm":"Stroke 1","lc":1,"lj":1,"ml":4,"o":{"a":0,"k":100,"ix":4},"w":{"a":0,"k":8,"ix":5},"c":{"a":0,"k":[0.8157,0.6824,0.4235],"ix":3}},{"ty":"tr","a":{"a":0,"k":[0,0],"ix":1},"s":{"a":0,"k":[100,100],"ix":3},"sk":{"a":0,"k":0,"ix":4},"p":{"a":0,"k":[0,0],"ix":2},"r":{"a":0,"k":0,"ix":6},"sa":{"a":0,"k":0,"ix":5},"o":{"a":0,"k":100,"ix":7}}]},{"ty":"tm","bm":0,"hd":false,"mn":"ADBE Vector Filter - Trim","nm":"Trim Paths 1","ix":2,"e":{"a":0,"k":0,"ix":2},"o":{"a":0,"k":0,"ix":3},"s":{"a":1,"k":[{"o":{"x":0.898,"y":0},"i":{"x":0.667,"y":1},"s":[0],"t":40},{"s":[100],"t":72}],"ix":1},"m":1}],"ind":1},{"ty":4,"nm":"Ellipse","sr":1,"st":0,"op":120,"ip":0,"hd":false,"ddd":0,"bm":0,"hasMask":false,"ao":0,"ks":{"a":{"a":0,"k":[-7,-1,0],"ix":1},"s":{"a":0,"k":[100,100,100],"ix":6},"sk":{"a":0,"k":0},"p":{"a":0,"k":[196.5,179.5,0],"ix":2},"r":{"a":0,"k":0,"ix":10},"sa":{"a":0,"k":0},"o":{"a":0,"k":100,"ix":11}},"ef":[],"shapes":[{"ty":"gr","bm":0,"hd":false,"mn":"ADBE Vector Group","nm":"Ellipse 2","ix":1,"cix":2,"np":3,"it":[{"ty":"el","bm":0,"hd":false,"mn":"ADBE Vector Shape - Ellipse","nm":"Ellipse Path 1","d":1,"p":{"a":0,"k":[0,0],"ix":3},"s":{"a":0,"k":[80,80],"ix":2}},{"ty":"st","bm":0,"hd":false,"mn":"ADBE Vector Graphic - Stroke","nm":"Stroke 1","lc":1,"lj":1,"ml":4,"o":{"a":0,"k":100,"ix":4},"w":{"a":0,"k":6,"ix":5},"c":{"a":0,"k":[0.8157,0.6824,0.4235],"ix":3}},{"ty":"tr","a":{"a":0,"k":[0,0],"ix":1},"s":{"a":0,"k":[100,100],"ix":3},"sk":{"a":0,"k":0,"ix":4},"p":{"a":0,"k":[-8.5,-0.5],"ix":2},"r":{"a":0,"k":0,"ix":6},"sa":{"a":0,"k":0,"ix":5},"o":{"a":0,"k":100,"ix":7}}]},{"ty":"tm","bm":0,"hd":false,"mn":"ADBE Vector Filter - Trim","nm":"Trim Paths 1","ix":2,"e":{"a":0,"k":0,"ix":2},"o":{"a":0,"k":0,"ix":3},"s":{"a":1,"k":[{"o":{"x":1,"y":0},"i":{"x":0.025,"y":1},"s":[0],"t":10},{"s":[100],"t":55}],"ix":1},"m":1}],"ind":2},{"ty":0,"nm":"Confetti","sr":1,"st":0,"op":300,"ip":0,"hd":false,"ddd":0,"bm":0,"hasMask":false,"ao":0,"ks":{"a":{"a":0,"k":[138,138,0],"ix":1},"s":{"a":0,"k":[100,100,100],"ix":6},"sk":{"a":0,"k":0},"p":{"a":1,"k":[{"o":{"x":0.167,"y":0.167},"i":{"x":0.833,"y":0.833},"s":[194,158,0],"t":0,"ti":[0,0,0],"to":[0,0,0]},{"s":[194,158,0],"t":90}],"ix":2},"r":{"a":0,"k":0,"ix":10},"sa":{"a":0,"k":0},"o":{"a":1,"k":[{"o":{"x":0.167,"y":0.167},"i":{"x":0.833,"y":0.833},"s":[0],"t":0},{"s":[100],"t":90}],"ix":11}},"ef":[],"w":276,"h":276,"refId":"comp_0","ind":3},{"ty":0,"nm":"Letters","sr":1,"st":0,"op":300,"ip":0,"hd":false,"ddd":0,"bm":0,"hasMask":false,"ao":0,"ks":{"a":{"a":0,"k":[133,26.5,0],"ix":1},"s":{"a":0,"k":[100,100,100],"ix":6},"sk":{"a":0,"k":0},"p":{"a":1,"k":[{"o":{"x":0.798,"y":0},"i":{"x":0.26,"y":1},"s":[194,392.5,0],"t":20,"ti":[0,10.833,0],"to":[0,-10.833,0]},{"s":[194,327.5,0],"t":90}],"ix":2},"r":{"a":0,"k":0,"ix":10},"sa":{"a":0,"k":0},"o":{"a":1,"k":[{"o":{"x":0.167,"y":0.167},"i":{"x":0.833,"y":0.833},"s":[0],"t":0},{"s":[100],"t":90}],"ix":11}},"ef":[],"w":266,"h":53,"refId":"comp_1","ind":4}],"v":"4.8.0","fr":60,"op":120,"ip":0,"assets":[{"nm":"","id":"comp_0","layers":[{"ty":4,"nm":"Rectangle 23227","sr":1,"st":0,"op":300,"ip":0,"hd":false,"ddd":0,"bm":0,"hasMask":false,"ao":0,"ks":{"a":{"a":0,"k":[0,0,0],"ix":1},"s":{"a":0,"k":[100,-100,100],"ix":6},"sk":{"a":0,"k":0},"p":{"a":1,"k":[{"o":{"x":0.949,"y":0},"i":{"x":0.006,"y":1},"s":[138,138,0],"t":0,"ti":[1.706,-14.733,0],"to":[-1.706,14.733,0]},{"s":[127.763,226.397,0],"t":120}],"ix":2},"r":{"a":0,"k":0,"ix":10},"sa":{"a":0,"k":0},"o":{"a":1,"k":[{"o":{"x":0.778,"y":0},"i":{"x":0,"y":1},"s":[0],"t":42},{"s":[40],"t":98}],"ix":11}},"ef":[],"shapes":[{"ty":"gr","bm":0,"hd":false,"mn":"ADBE Vector Group","nm":"Rectangle 23227","ix":1,"cix":2,"np":2,"it":[{"ty":"sh","bm":0,"hd":false,"mn":"ADBE Vector Shape - Group","nm":"Path 1","ix":1,"d":1,"ks":{"a":0,"k":{"c":true,"i":[[0,0],[3.615,5.302],[0,0],[-3.022,4.175]],"o":[[-3.244,4.936],[0,0],[2.365,3.449],[0,0]],"v":[[5.978,-4.333],[-5.978,-4.333],[-5.978,1.467],[5.978,1.467]]},"ix":2}},{"ty":"fl","bm":0,"hd":false,"mn":"ADBE Vector Graphic - Fill","nm":"Fill 1","c":{"a":0,"k":[0.7451,0.6,0.3176],"ix":4},"r":1,"o":{"a":0,"k":100,"ix":5}},{"ty":"tr","a":{"a":0,"k":[0,0],"ix":1},"s":{"a":0,"k":[100,100],"ix":3},"sk":{"a":0,"k":0,"ix":4},"p":{"a":0,"k":[0,0],"ix":2},"r":{"a":0,"k":30.693,"ix":6},"sa":{"a":0,"k":0,"ix":5},"o":{"a":0,"k":100,"ix":7}}]}],"ind":1},{"ty":4,"nm":"Rectangle 23223","sr":1,"st":3,"op":303,"ip":3,"hd":false,"ddd":0,"bm":0,"hasMask":false,"ao":0,"ks":{"a":{"a":0,"k":[0,0,0],"ix":1},"s":{"a":0,"k":[-100,100,100],"ix":6},"sk":{"a":0,"k":0},"p":{"a":1,"k":[{"o":{"x":0.949,"y":0},"i":{"x":0.006,"y":1},"s":[138,138,0],"t":3,"ti":[-17.01,-6.84,0],"to":[17.01,6.84,0]},{"s":[240.062,179.043,0],"t":123}],"ix":2},"r":{"a":0,"k":0,"ix":10},"sa":{"a":0,"k":0},"o":{"a":1,"k":[{"o":{"x":0.778,"y":0},"i":{"x":0,"y":1},"s":[0],"t":45},{"s":[30],"t":101}],"ix":11}},"ef":[],"shapes":[{"ty":"gr","bm":0,"hd":false,"mn":"ADBE Vector Group","nm":"Rectangle 23223","ix":1,"cix":2,"np":2,"it":[{"ty":"rc","bm":0,"hd":false,"mn":"ADBE Vector Shape - Rect","nm":"Rectangle Path 1","d":1,"p":{"a":0,"k":[0,0],"ix":3},"r":{"a":0,"k":0,"ix":4},"s":{"a":0,"k":[2.944,5.894],"ix":2}},{"ty":"fl","bm":0,"hd":false,"mn":"ADBE Vector Graphic - Fill","nm":"Fill 1","c":{"a":0,"k":[0.7451,0.6,0.3176],"ix":4},"r":1,"o":{"a":0,"k":100,"ix":5}},{"ty":"tr","a":{"a":0,"k":[0,0],"ix":1},"s":{"a":0,"k":[100,100],"ix":3},"sk":{"a":0,"k":0,"ix":4},"p":{"a":0,"k":[0,0],"ix":2},"r":{"a":0,"k":-46.933,"ix":6},"sa":{"a":0,"k":0,"ix":5},"o":{"a":0,"k":100,"ix":7}}]}],"ind":2},{"ty":4,"nm":"Rectangle 23205","sr":1,"st":1,"op":301,"ip":1,"hd":false,"ddd":0,"bm":0,"hasMask":false,"ao":0,"ks":{"a":{"a":0,"k":[0,0,0],"ix":1},"s":{"a":0,"k":[-100,-100,100],"ix":6},"sk":{"a":0,"k":0},"p":{"a":1,"k":[{"o":{"x":0.949,"y":0},"i":{"x":0.006,"y":1},"s":[138,138,0],"t":1,"ti":[14.783,-4.547,0],"to":[-14.783,4.547,0]},{"s":[49.303,165.282,0],"t":121}],"ix":2},"r":{"a":0,"k":0,"ix":10},"sa":{"a":0,"k":0},"o":{"a":1,"k":[{"o":{"x":0.778,"y":0},"i":{"x":0,"y":1},"s":[0],"t":43},{"s":[70],"t":99}],"ix":11}},"ef":[],"shapes":[{"ty":"gr","bm":0,"hd":false,"mn":"ADBE Vector Group","nm":"Rectangle 23205","ix":1,"cix":2,"np":2,"it":[{"ty":"rc","bm":0,"hd":false,"mn":"ADBE Vector Shape - Rect","nm":"Rectangle Path 1","d":1,"p":{"a":0,"k":[0,0],"ix":3},"r":{"a":0,"k":0,"ix":4},"s":{"a":0,"k":[3.822,7.652],"ix":2}},{"ty":"fl","bm":0,"hd":false,"mn":"ADBE Vector Graphic - Fill","nm":"Fill 1","c":{"a":0,"k":[0.7451,0.6,0.3176],"ix":4},"r":1,"o":{"a":0,"k":100,"ix":5}},{"ty":"tr","a":{"a":0,"k":[0,0],"ix":1},"s":{"a":0,"k":[100,100],"ix":3},"sk":{"a":0,"k":0,"ix":4},"p":{"a":0,"k":[0,0],"ix":2},"r":{"a":0,"k":-46.933,"ix":6},"sa":{"a":0,"k":0,"ix":5},"o":{"a":0,"k":100,"ix":7}}]}],"ind":3},{"ty":4,"nm":"Rectangle 23202","sr":1,"st":0,"op":300,"ip":0,"hd":false,"ddd":0,"bm":0,"hasMask":false,"ao":0,"ks":{"a":{"a":0,"k":[0,0,0],"ix":1},"s":{"a":0,"k":[-100,100,100],"ix":6},"sk":{"a":0,"k":0},"p":{"a":1,"k":[{"o":{"x":0.949,"y":0},"i":{"x":0.006,"y":1},"s":[138,138,0],"t":0,"ti":[14.254,-17.417,0],"to":[-14.254,17.417,0]},{"s":[52.475,242.505,0],"t":120}],"ix":2},"r":{"a":0,"k":0,"ix":10},"sa":{"a":0,"k":0},"o":{"a":1,"k":[{"o":{"x":0.778,"y":0},"i":{"x":0,"y":1},"s":[0],"t":42},{"s":[70],"t":98}],"ix":11}},"ef":[],"shapes":[{"ty":"gr","bm":0,"hd":false,"mn":"ADBE Vector Group","nm":"Rectangle 23202","ix":1,"cix":2,"np":2,"it":[{"ty":"sh","bm":0,"hd":false,"mn":"ADBE Vector Shape - Group","nm":"Path 1","ix":1,"d":1,"ks":{"a":0,"k":{"c":true,"i":[[0,0],[4.308,-3.464],[0,0],[-4.95,-3.459]],"o":[[-4.372,-3.665],[0,0],[4.942,-3.372],[0,0]],"v":[[8.337,-2.253],[-8.337,-2.253],[-8.337,4.927],[8.337,4.927]]},"ix":2}},{"ty":"fl","bm":0,"hd":false,"mn":"ADBE Vector Graphic - Fill","nm":"Fill 1","c":{"a":0,"k":[0.7451,0.6,0.3176],"ix":4},"r":1,"o":{"a":0,"k":100,"ix":5}},{"ty":"tr","a":{"a":0,"k":[0,0],"ix":1},"s":{"a":0,"k":[100,100],"ix":3},"sk":{"a":0,"k":0,"ix":4},"p":{"a":0,"k":[0,0],"ix":2},"r":{"a":0,"k":-45.794,"ix":6},"sa":{"a":0,"k":0,"ix":5},"o":{"a":0,"k":100,"ix":7}}]}],"ind":4},{"ty":4,"nm":"Rectangle 23222","sr":1,"st":4,"op":304,"ip":4,"hd":false,"ddd":0,"bm":0,"hasMask":false,"ao":0,"ks":{"a":{"a":0,"k":[0,0,0],"ix":1},"s":{"a":0,"k":[100,100,100],"ix":6},"sk":{"a":0,"k":0},"p":{"a":1,"k":[{"o":{"x":0.949,"y":0},"i":{"x":0.006,"y":1},"s":[138,138,0],"t":4,"ti":[-15.181,-12.314,0],"to":[15.181,12.314,0]},{"s":[229.084,211.881,0],"t":124}],"ix":2},"r":{"a":0,"k":0,"ix":10},"sa":{"a":0,"k":0},"o":{"a":1,"k":[{"o":{"x":0.778,"y":0},"i":{"x":0,"y":1},"s":[0],"t":46},{"s":[32],"t":102}],"ix":11}},"ef":[],"shapes":[{"ty":"gr","bm":0,"hd":false,"mn":"ADBE Vector Group","nm":"Rectangle 23222","ix":1,"cix":2,"np":2,"it":[{"ty":"sh","bm":0,"hd":false,"mn":"ADBE Vector Shape - Group","nm":"Path 1","ix":1,"d":1,"ks":{"a":0,"k":{"c":true,"i":[[0,0],[1.419,-1.59],[0,0],[-1.63,-1.588]],"o":[[-1.44,-1.683],[0,0],[1.628,-1.549],[0,0]],"v":[[2.746,-1.035],[-2.746,-1.035],[-2.746,2.262],[2.746,2.262]]},"ix":2}},{"ty":"fl","bm":0,"hd":false,"mn":"ADBE Vector Graphic - Fill","nm":"Fill 1","c":{"a":0,"k":[0.7451,0.6,0.3176],"ix":4},"r":1,"o":{"a":0,"k":100,"ix":5}},{"ty":"tr","a":{"a":0,"k":[0,0],"ix":1},"s":{"a":0,"k":[100,100],"ix":3},"sk":{"a":0,"k":0,"ix":4},"p":{"a":0,"k":[0,0],"ix":2},"r":{"a":0,"k":35.514,"ix":6},"sa":{"a":0,"k":0,"ix":5},"o":{"a":0,"k":100,"ix":7}}]}],"ind":5},{"ty":4,"nm":"Rectangle 23201","sr":1,"st":2,"op":302,"ip":2,"hd":false,"ddd":0,"bm":0,"hasMask":false,"ao":0,"ks":{"a":{"a":0,"k":[0,0,0],"ix":1},"s":{"a":0,"k":[100,-100,100],"ix":6},"sk":{"a":0,"k":0},"p":{"a":1,"k":[{"o":{"x":0.949,"y":0},"i":{"x":0.006,"y":1},"s":[138,138,0],"t":2,"ti":[-11.569,-6.931,0],"to":[11.569,6.931,0]},{"s":[207.415,179.587,0],"t":122}],"ix":2},"r":{"a":0,"k":0,"ix":10},"sa":{"a":0,"k":0},"o":{"a":1,"k":[{"o":{"x":0.778,"y":0},"i":{"x":0,"y":1},"s":[0],"t":44},{"s":[70],"t":100}],"ix":11}},"ef":[],"shapes":[{"ty":"gr","bm":0,"hd":false,"mn":"ADBE Vector Group","nm":"Rectangle 23201","ix":1,"cix":2,"np":2,"it":[{"ty":"sh","bm":0,"hd":false,"mn":"ADBE Vector Shape - Group","nm":"Path 1","ix":1,"d":1,"ks":{"a":0,"k":{"c":true,"i":[[0,0],[4.899,-3.901],[0,0],[-5.629,-3.896]],"o":[[-4.973,-4.129],[0,0],[5.621,-3.799],[0,0]],"v":[[9.481,-2.538],[-9.481,-2.538],[-9.481,5.55],[9.481,5.55]]},"ix":2}},{"ty":"fl","bm":0,"hd":false,"mn":"ADBE Vector Graphic - Fill","nm":"Fill 1","c":{"a":0,"k":[0.7451,0.6,0.3176],"ix":4},"r":1,"o":{"a":0,"k":100,"ix":5}},{"ty":"tr","a":{"a":0,"k":[0,0],"ix":1},"s":{"a":0,"k":[100,100],"ix":3},"sk":{"a":0,"k":0,"ix":4},"p":{"a":0,"k":[0,0],"ix":2},"r":{"a":0,"k":-35.514,"ix":6},"sa":{"a":0,"k":0,"ix":5},"o":{"a":0,"k":100,"ix":7}}]}],"ind":6},{"ty":4,"nm":"Rectangle 23211","sr":1,"st":0,"op":300,"ip":0,"hd":false,"ddd":0,"bm":0,"hasMask":false,"ao":0,"ks":{"a":{"a":0,"k":[0,0,0],"ix":1},"s":{"a":0,"k":[77.397,-82.062,100],"ix":6},"sk":{"a":0,"k":0},"p":{"a":1,"k":[{"o":{"x":0.949,"y":0},"i":{"x":0.006,"y":1},"s":[138,138,0],"t":0,"ti":[18.146,1.816,0],"to":[-18.146,-1.816,0]},{"s":[29.123,127.101,0],"t":120}],"ix":2},"r":{"a":0,"k":0,"ix":10},"sa":{"a":0,"k":0},"o":{"a":1,"k":[{"o":{"x":0.778,"y":0},"i":{"x":0,"y":1},"s":[0],"t":42},{"s":[100],"t":98}],"ix":11}},"ef":[],"shapes":[{"ty":"gr","bm":0,"hd":false,"mn":"ADBE Vector Group","nm":"Rectangle 23211","ix":1,"cix":2,"np":2,"it":[{"ty":"sh","bm":0,"hd":false,"mn":"ADBE Vector Shape - Group","nm":"Path 1","ix":1,"d":1,"ks":{"a":0,"k":{"c":true,"i":[[0,0],[7.69,-0.517],[0,0],[-7.766,-0.657]],"o":[[-8.124,-2.014],[0,0],[8.087,-1.927],[0,0]],"v":[[10.129,-3.477],[-10.129,-5.372],[-10.129,5.578],[10.129,3.907]]},"ix":2}},{"ty":"fl","bm":0,"hd":false,"mn":"ADBE Vector Graphic - Fill","nm":"Fill 1","c":{"a":0,"k":[0.7451,0.6,0.3176],"ix":4},"r":1,"o":{"a":0,"k":100,"ix":5}},{"ty":"tr","a":{"a":0,"k":[0,0],"ix":1},"s":{"a":0,"k":[100,100],"ix":3},"sk":{"a":0,"k":0,"ix":4},"p":{"a":0,"k":[0,0],"ix":2},"r":{"a":0,"k":-45.794,"ix":6},"sa":{"a":0,"k":0,"ix":5},"o":{"a":0,"k":100,"ix":7}}]}],"ind":7},{"ty":4,"nm":"Rectangle 149479635","sr":1,"st":3,"op":303,"ip":3,"hd":false,"ddd":0,"bm":0,"hasMask":false,"ao":0,"ks":{"a":{"a":0,"k":[0,0,0],"ix":1},"s":{"a":0,"k":[100,100,100],"ix":6},"sk":{"a":0,"k":0},"p":{"a":1,"k":[{"o":{"x":0.949,"y":0},"i":{"x":0.006,"y":1},"s":[138,138,0],"t":3,"ti":[-1.771,9.5,0],"to":[1.771,-9.5,0]},{"s":[148.625,81.001,0],"t":123}],"ix":2},"r":{"a":0,"k":0,"ix":10},"sa":{"a":0,"k":0},"o":{"a":1,"k":[{"o":{"x":0.778,"y":0},"i":{"x":0,"y":1},"s":[0],"t":45},{"s":[40],"t":101}],"ix":11}},"ef":[],"shapes":[{"ty":"gr","bm":0,"hd":false,"mn":"ADBE Vector Group","nm":"Rectangle 149479635","ix":1,"cix":2,"np":2,"it":[{"ty":"sh","bm":0,"hd":false,"mn":"ADBE Vector Shape - Group","nm":"Path 1","ix":1,"d":1,"ks":{"a":0,"k":{"c":true,"i":[[0,0],[3.615,5.302],[0,0],[-3.022,4.175]],"o":[[-3.244,4.936],[0,0],[2.365,3.449],[0,0]],"v":[[5.978,-4.333],[-5.978,-4.333],[-5.978,1.467],[5.978,1.467]]},"ix":2}},{"ty":"fl","bm":0,"hd":false,"mn":"ADBE Vector Graphic - Fill","nm":"Fill 1","c":{"a":0,"k":[0.7451,0.6,0.3176],"ix":4},"r":1,"o":{"a":0,"k":100,"ix":5}},{"ty":"tr","a":{"a":0,"k":[0,0],"ix":1},"s":{"a":0,"k":[100,100],"ix":3},"sk":{"a":0,"k":0,"ix":4},"p":{"a":0,"k":[0,0],"ix":2},"r":{"a":0,"k":-30.693,"ix":6},"sa":{"a":0,"k":0,"ix":5},"o":{"a":0,"k":100,"ix":7}}]}],"ind":8},{"ty":4,"nm":"Rectangle 23219","sr":1,"st":1,"op":301,"ip":1,"hd":false,"ddd":0,"bm":0,"hasMask":false,"ao":0,"ks":{"a":{"a":0,"k":[0,0,0],"ix":1},"s":{"a":0,"k":[100,100,100],"ix":6},"sk":{"a":0,"k":0},"p":{"a":1,"k":[{"o":{"x":0.949,"y":0},"i":{"x":0.006,"y":1},"s":[138,138,0],"t":1,"ti":[7.315,13.582,0],"to":[-7.315,-13.582,0]},{"s":[94.108,56.507,0],"t":121}],"ix":2},"r":{"a":0,"k":0,"ix":10},"sa":{"a":0,"k":0},"o":{"a":1,"k":[{"o":{"x":0.778,"y":0},"i":{"x":0,"y":1},"s":[0],"t":43},{"s":[100],"t":99}],"ix":11}},"ef":[],"shapes":[{"ty":"gr","bm":0,"hd":false,"mn":"ADBE Vector Group","nm":"Rectangle 23219","ix":1,"cix":2,"np":2,"it":[{"ty":"sh","bm":0,"hd":false,"mn":"ADBE Vector Shape - Group","nm":"Path 1","ix":1,"d":1,"ks":{"a":0,"k":{"c":true,"i":[[0,0],[4.075,5.977],[0,0],[-3.407,4.706]],"o":[[-3.657,5.565],[0,0],[2.666,3.889],[0,0]],"v":[[6.74,-4.884],[-6.74,-4.884],[-6.74,1.654],[6.74,1.654]]},"ix":2}},{"ty":"fl","bm":0,"hd":false,"mn":"ADBE Vector Graphic - Fill","nm":"Fill 1","c":{"a":0,"k":[0.7451,0.6,0.3176],"ix":4},"r":1,"o":{"a":0,"k":100,"ix":5}},{"ty":"tr","a":{"a":0,"k":[0,0],"ix":1},"s":{"a":0,"k":[100,100],"ix":3},"sk":{"a":0,"k":0,"ix":4},"p":{"a":0,"k":[0,0],"ix":2},"r":{"a":0,"k":-30.693,"ix":6},"sa":{"a":0,"k":0,"ix":5},"o":{"a":0,"k":100,"ix":7}}]}],"ind":9},{"ty":4,"nm":"Rectangle 23237","sr":1,"st":0,"op":300,"ip":0,"hd":false,"ddd":0,"bm":0,"hasMask":false,"ao":0,"ks":{"a":{"a":0,"k":[0,0,0],"ix":1},"s":{"a":0,"k":[100,100,100],"ix":6},"sk":{"a":0,"k":0},"p":{"a":1,"k":[{"o":{"x":0.949,"y":0},"i":{"x":0.006,"y":1},"s":[138,138,0],"t":0,"ti":[-9.39,2.835,0],"to":[9.39,-2.835,0]},{"s":[194.341,120.99,0],"t":120}],"ix":2},"r":{"a":0,"k":0,"ix":10},"sa":{"a":0,"k":0},"o":{"a":1,"k":[{"o":{"x":0.778,"y":0},"i":{"x":0,"y":1},"s":[0],"t":42},{"s":[40],"t":98}],"ix":11}},"ef":[],"shapes":[{"ty":"gr","bm":0,"hd":false,"mn":"ADBE Vector Group","nm":"Rectangle 23237","ix":1,"cix":2,"np":2,"it":[{"ty":"sh","bm":0,"hd":false,"mn":"ADBE Vector Shape - Group","nm":"Path 1","ix":1,"d":1,"ks":{"a":0,"k":{"c":true,"i":[[0,0],[4.693,-0.323],[0,0],[-4.739,-0.411]],"o":[[-4.958,-1.259],[0,0],[4.935,-1.205],[0,0]],"v":[[6.181,-2.174],[-6.181,-3.358],[-6.181,3.487],[6.181,2.442]]},"ix":2}},{"ty":"fl","bm":0,"hd":false,"mn":"ADBE Vector Graphic - Fill","nm":"Fill 1","c":{"a":0,"k":[0.7451,0.6,0.3176],"ix":4},"r":1,"o":{"a":0,"k":100,"ix":5}},{"ty":"tr","a":{"a":0,"k":[0,0],"ix":1},"s":{"a":0,"k":[100,100],"ix":3},"sk":{"a":0,"k":0,"ix":4},"p":{"a":0,"k":[0,0],"ix":2},"r":{"a":0,"k":-75.392,"ix":6},"sa":{"a":0,"k":0,"ix":5},"o":{"a":0,"k":100,"ix":7}}]}],"ind":10},{"ty":4,"nm":"Rectangle 23210","sr":1,"st":4,"op":304,"ip":4,"hd":false,"ddd":0,"bm":0,"hasMask":false,"ao":0,"ks":{"a":{"a":0,"k":[0,0,0],"ix":1},"s":{"a":0,"k":[100,-100,100],"ix":6},"sk":{"a":0,"k":0},"p":{"a":1,"k":[{"o":{"x":0.949,"y":0},"i":{"x":0.006,"y":1},"s":[138,138,0],"t":4,"ti":[-8.048,-13.691,0],"to":[8.048,13.691,0]},{"s":[186.289,220.144,0],"t":124}],"ix":2},"r":{"a":0,"k":0,"ix":10},"sa":{"a":0,"k":0},"o":{"a":1,"k":[{"o":{"x":0.778,"y":0},"i":{"x":0,"y":1},"s":[0],"t":46},{"s":[40],"t":102}],"ix":11}},"ef":[],"shapes":[{"ty":"gr","bm":0,"hd":false,"mn":"ADBE Vector Group","nm":"Rectangle 23210","ix":1,"cix":2,"np":2,"it":[{"ty":"sh","bm":0,"hd":false,"mn":"ADBE Vector Shape - Group","nm":"Path 1","ix":1,"d":1,"ks":{"a":0,"k":{"c":true,"i":[[0,0],[5.325,-0.367],[0,0],[-5.378,-0.466]],"o":[[-5.626,-1.429],[0,0],[5.601,-1.367],[0,0]],"v":[[7.014,-2.467],[-7.014,-3.811],[-7.014,3.957],[7.014,2.771]]},"ix":2}},{"ty":"fl","bm":0,"hd":false,"mn":"ADBE Vector Graphic - Fill","nm":"Fill 1","c":{"a":0,"k":[0.7451,0.6,0.3176],"ix":4},"r":1,"o":{"a":0,"k":100,"ix":5}},{"ty":"tr","a":{"a":0,"k":[0,0],"ix":1},"s":{"a":0,"k":[100,100],"ix":3},"sk":{"a":0,"k":0,"ix":4},"p":{"a":0,"k":[0,0],"ix":2},"r":{"a":0,"k":75.392,"ix":6},"sa":{"a":0,"k":0,"ix":5},"o":{"a":0,"k":100,"ix":7}}]}],"ind":11},{"ty":4,"nm":"Rectangle 23209","sr":1,"st":2,"op":302,"ip":2,"hd":false,"ddd":0,"bm":0,"hasMask":false,"ao":0,"ks":{"a":{"a":0,"k":[0,0,0],"ix":1},"s":{"a":0,"k":[-100,100,100],"ix":6},"sk":{"a":0,"k":0},"p":{"a":1,"k":[{"o":{"x":0.949,"y":0},"i":{"x":0.006,"y":1},"s":[138,138,0],"t":2,"ti":[-13.532,18.052,0],"to":[13.532,-18.052,0]},{"s":[219.193,29.686,0],"t":122}],"ix":2},"r":{"a":0,"k":0,"ix":10},"sa":{"a":0,"k":0},"o":{"a":1,"k":[{"o":{"x":0.778,"y":0},"i":{"x":0,"y":1},"s":[0],"t":44},{"s":[60],"t":100}],"ix":11}},"ef":[],"shapes":[{"ty":"gr","bm":0,"hd":false,"mn":"ADBE Vector Group","nm":"Rectangle 23209","ix":1,"cix":2,"np":2,"it":[{"ty":"sh","bm":0,"hd":false,"mn":"ADBE Vector Shape - Group","nm":"Path 1","ix":1,"d":1,"ks":{"a":0,"k":{"c":true,"i":[[0,0],[5.838,-0.384],[0,0],[-5.896,-0.488]],"o":[[-6.168,-1.495],[0,0],[6.14,-1.431],[0,0]],"v":[[7.689,-2.582],[-7.689,-3.988],[-7.689,4.141],[7.689,2.901]]},"ix":2}},{"ty":"fl","bm":0,"hd":false,"mn":"ADBE Vector Graphic - Fill","nm":"Fill 1","c":{"a":0,"k":[0.7451,0.6,0.3176],"ix":4},"r":1,"o":{"a":0,"k":100,"ix":5}},{"ty":"tr","a":{"a":0,"k":[0,0],"ix":1},"s":{"a":0,"k":[100,100],"ix":3},"sk":{"a":0,"k":0,"ix":4},"p":{"a":0,"k":[0,0],"ix":2},"r":{"a":0,"k":18.721,"ix":6},"sa":{"a":0,"k":0,"ix":5},"o":{"a":0,"k":100,"ix":7}}]}],"ind":12},{"ty":4,"nm":"Rectangle 149479628","sr":1,"st":0,"op":300,"ip":0,"hd":false,"ddd":0,"bm":0,"hasMask":false,"ao":0,"ks":{"a":{"a":0,"k":[0,0,0],"ix":1},"s":{"a":0,"k":[-100,-100,100],"ix":6},"sk":{"a":0,"k":0},"p":{"a":1,"k":[{"o":{"x":0.949,"y":0},"i":{"x":0.006,"y":1},"s":[138,138,0],"t":0,"ti":[11.908,-13.152,0],"to":[-11.908,13.152,0]},{"s":[66.555,216.913,0],"t":120}],"ix":2},"r":{"a":0,"k":0,"ix":10},"sa":{"a":0,"k":0},"o":{"a":1,"k":[{"o":{"x":0.778,"y":0},"i":{"x":0,"y":1},"s":[0],"t":42},{"s":[30],"t":98}],"ix":11}},"ef":[],"shapes":[{"ty":"gr","bm":0,"hd":false,"mn":"ADBE Vector Group","nm":"Rectangle 149479628","ix":1,"cix":2,"np":2,"it":[{"ty":"rc","bm":0,"hd":false,"mn":"ADBE Vector Shape - Rect","nm":"Rectangle Path 1","d":1,"p":{"a":0,"k":[0,0],"ix":3},"r":{"a":0,"k":0,"ix":4},"s":{"a":0,"k":[2.944,5.894],"ix":2}},{"ty":"fl","bm":0,"hd":false,"mn":"ADBE Vector Graphic - Fill","nm":"Fill 1","c":{"a":0,"k":[0.7451,0.6,0.3176],"ix":4},"r":1,"o":{"a":0,"k":100,"ix":5}},{"ty":"tr","a":{"a":0,"k":[0,0],"ix":1},"s":{"a":0,"k":[100,100],"ix":3},"sk":{"a":0,"k":0,"ix":4},"p":{"a":0,"k":[0,0],"ix":2},"r":{"a":0,"k":-46.933,"ix":6},"sa":{"a":0,"k":0,"ix":5},"o":{"a":0,"k":100,"ix":7}}]}],"ind":13},{"ty":4,"nm":"Rectangle 149479634","sr":1,"st":2,"op":302,"ip":2,"hd":false,"ddd":0,"bm":0,"hasMask":false,"ao":0,"ks":{"a":{"a":0,"k":[0,0,0],"ix":1},"s":{"a":0,"k":[-100,-100,100],"ix":6},"sk":{"a":0,"k":0},"p":{"a":1,"k":[{"o":{"x":0.949,"y":0},"i":{"x":0.006,"y":1},"s":[138,138,0],"t":2,"ti":[-14.885,4.24,0],"to":[14.885,-4.24,0]},{"s":[227.309,112.56,0],"t":122}],"ix":2},"r":{"a":0,"k":0,"ix":10},"sa":{"a":0,"k":0},"o":{"a":1,"k":[{"o":{"x":0.778,"y":0},"i":{"x":0,"y":1},"s":[0],"t":44},{"s":[30],"t":100}],"ix":11}},"ef":[],"shapes":[{"ty":"gr","bm":0,"hd":false,"mn":"ADBE Vector Group","nm":"Rectangle 149479634","ix":1,"cix":2,"np":2,"it":[{"ty":"rc","bm":0,"hd":false,"mn":"ADBE Vector Shape - Rect","nm":"Rectangle Path 1","d":1,"p":{"a":0,"k":[0,0],"ix":3},"r":{"a":0,"k":0,"ix":4},"s":{"a":0,"k":[2.944,5.894],"ix":2}},{"ty":"fl","bm":0,"hd":false,"mn":"ADBE Vector Graphic - Fill","nm":"Fill 1","c":{"a":0,"k":[0.7451,0.6,0.3176],"ix":4},"r":1,"o":{"a":0,"k":100,"ix":5}},{"ty":"tr","a":{"a":0,"k":[0,0],"ix":1},"s":{"a":0,"k":[100,100],"ix":3},"sk":{"a":0,"k":0,"ix":4},"p":{"a":0,"k":[0,0],"ix":2},"r":{"a":0,"k":-46.933,"ix":6},"sa":{"a":0,"k":0,"ix":5},"o":{"a":0,"k":100,"ix":7}}]}],"ind":14},{"ty":4,"nm":"Rectangle 149479633","sr":1,"st":3,"op":303,"ip":3,"hd":false,"ddd":0,"bm":0,"hasMask":false,"ao":0,"ks":{"a":{"a":0,"k":[0,0,0],"ix":1},"s":{"a":0,"k":[-100,100,100],"ix":6},"sk":{"a":0,"k":0},"p":{"a":1,"k":[{"o":{"x":0.949,"y":0},"i":{"x":0.006,"y":1},"s":[138,138,0],"t":3,"ti":[13.876,5.915,0],"to":[-13.876,-5.915,0]},{"s":[54.746,102.509,0],"t":123}],"ix":2},"r":{"a":0,"k":0,"ix":10},"sa":{"a":0,"k":0},"o":{"a":1,"k":[{"o":{"x":0.778,"y":0},"i":{"x":0,"y":1},"s":[0],"t":45},{"s":[100],"t":101}],"ix":11}},"ef":[],"shapes":[{"ty":"gr","bm":0,"hd":false,"mn":"ADBE Vector Group","nm":"Rectangle 149479633","ix":1,"cix":2,"np":2,"it":[{"ty":"rc","bm":0,"hd":false,"mn":"ADBE Vector Shape - Rect","nm":"Rectangle Path 1","d":1,"p":{"a":0,"k":[0,0],"ix":3},"r":{"a":0,"k":0,"ix":4},"s":{"a":0,"k":[3.822,7.652],"ix":2}},{"ty":"fl","bm":0,"hd":false,"mn":"ADBE Vector Graphic - Fill","nm":"Fill 1","c":{"a":0,"k":[0.7451,0.6,0.3176],"ix":4},"r":1,"o":{"a":0,"k":100,"ix":5}},{"ty":"tr","a":{"a":0,"k":[0,0],"ix":1},"s":{"a":0,"k":[100,100],"ix":3},"sk":{"a":0,"k":0,"ix":4},"p":{"a":0,"k":[0,0],"ix":2},"r":{"a":0,"k":-46.933,"ix":6},"sa":{"a":0,"k":0,"ix":5},"o":{"a":0,"k":100,"ix":7}}]}],"ind":15},{"ty":4,"nm":"Rectangle 23204","sr":1,"st":0,"op":300,"ip":0,"hd":false,"ddd":0,"bm":0,"hasMask":false,"ao":0,"ks":{"a":{"a":0,"k":[0,0,0],"ix":1},"s":{"a":0,"k":[100,100,100],"ix":6},"sk":{"a":0,"k":0},"p":{"a":1,"k":[{"o":{"x":0.949,"y":0},"i":{"x":0.006,"y":1},"s":[138,138,0],"t":0,"ti":[-5.766,14.524,0],"to":[5.766,-14.524,0]},{"s":[172.595,50.858,0],"t":120}],"ix":2},"r":{"a":0,"k":0,"ix":10},"sa":{"a":0,"k":0},"o":{"a":1,"k":[{"o":{"x":0.778,"y":0},"i":{"x":0,"y":1},"s":[0],"t":42},{"s":[30],"t":98}],"ix":11}},"ef":[],"shapes":[{"ty":"gr","bm":0,"hd":false,"mn":"ADBE Vector Group","nm":"Rectangle 23204","ix":1,"cix":2,"np":2,"it":[{"ty":"rc","bm":0,"hd":false,"mn":"ADBE Vector Shape - Rect","nm":"Rectangle Path 1","d":1,"p":{"a":0,"k":[0,0],"ix":3},"r":{"a":0,"k":0,"ix":4},"s":{"a":0,"k":[5.485,10.981],"ix":2}},{"ty":"fl","bm":0,"hd":false,"mn":"ADBE Vector Graphic - Fill","nm":"Fill 1","c":{"a":0,"k":[0.7451,0.6,0.3176],"ix":4},"r":1,"o":{"a":0,"k":100,"ix":5}},{"ty":"tr","a":{"a":0,"k":[0,0],"ix":1},"s":{"a":0,"k":[100,100],"ix":3},"sk":{"a":0,"k":0,"ix":4},"p":{"a":0,"k":[0,0],"ix":2},"r":{"a":0,"k":-46.933,"ix":6},"sa":{"a":0,"k":0,"ix":5},"o":{"a":0,"k":100,"ix":7}}]}],"ind":16},{"ty":4,"nm":"Rectangle 149479632","sr":1,"st":3,"op":303,"ip":3,"hd":false,"ddd":0,"bm":0,"hasMask":false,"ao":0,"ks":{"a":{"a":0,"k":[0,0,0],"ix":1},"s":{"a":0,"k":[-100,-100,100],"ix":6},"sk":{"a":0,"k":0},"p":{"a":1,"k":[{"o":{"x":0.949,"y":0},"i":{"x":0.006,"y":1},"s":[138,138,0],"t":3,"ti":[14.341,16.304,0],"to":[-14.341,-16.304,0]},{"s":[51.953,40.178,0],"t":123}],"ix":2},"r":{"a":0,"k":0,"ix":10},"sa":{"a":0,"k":0},"o":{"a":1,"k":[{"o":{"x":0.778,"y":0},"i":{"x":0,"y":1},"s":[0],"t":45},{"s":[100],"t":101}],"ix":11}},"ef":[],"shapes":[{"ty":"gr","bm":0,"hd":false,"mn":"ADBE Vector Group","nm":"Rectangle 149479632","ix":1,"cix":2,"np":2,"it":[{"ty":"sh","bm":0,"hd":false,"mn":"ADBE Vector Shape - Group","nm":"Path 1","ix":1,"d":1,"ks":{"a":0,"k":{"c":true,"i":[[0,0],[2.562,-2.06],[0,0],[-2.944,-2.057]],"o":[[-2.601,-2.18],[0,0],[2.94,-2.006],[0,0]],"v":[[4.959,-1.34],[-4.959,-1.34],[-4.959,2.931],[4.959,2.931]]},"ix":2}},{"ty":"fl","bm":0,"hd":false,"mn":"ADBE Vector Graphic - Fill","nm":"Fill 1","c":{"a":0,"k":[0.7451,0.6,0.3176],"ix":4},"r":1,"o":{"a":0,"k":100,"ix":5}},{"ty":"tr","a":{"a":0,"k":[0,0],"ix":1},"s":{"a":0,"k":[100,100],"ix":3},"sk":{"a":0,"k":0,"ix":4},"p":{"a":0,"k":[0,0],"ix":2},"r":{"a":0,"k":-45.794,"ix":6},"sa":{"a":0,"k":0,"ix":5},"o":{"a":0,"k":100,"ix":7}}]}],"ind":17},{"ty":4,"nm":"Rectangle 149479631","sr":1,"st":2,"op":302,"ip":2,"hd":false,"ddd":0,"bm":0,"hasMask":false,"ao":0,"ks":{"a":{"a":0,"k":[0,0,0],"ix":1},"s":{"a":0,"k":[100,-100,100],"ix":6},"sk":{"a":0,"k":0},"p":{"a":1,"k":[{"o":{"x":0.949,"y":0},"i":{"x":0.006,"y":1},"s":[138,138,0],"t":2,"ti":[-9.584,10.561,0],"to":[9.584,-10.561,0]},{"s":[195.507,74.635,0],"t":122}],"ix":2},"r":{"a":0,"k":0,"ix":10},"sa":{"a":0,"k":0},"o":{"a":1,"k":[{"o":{"x":0.778,"y":0},"i":{"x":0,"y":1},"s":[0],"t":44},{"s":[32],"t":100}],"ix":11}},"ef":[],"shapes":[{"ty":"gr","bm":0,"hd":false,"mn":"ADBE Vector Group","nm":"Rectangle 149479631","ix":1,"cix":2,"np":2,"it":[{"ty":"sh","bm":0,"hd":false,"mn":"ADBE Vector Shape - Group","nm":"Path 1","ix":1,"d":1,"ks":{"a":0,"k":{"c":true,"i":[[0,0],[1.419,-1.59],[0,0],[-1.63,-1.588]],"o":[[-1.44,-1.683],[0,0],[1.628,-1.549],[0,0]],"v":[[2.746,-1.035],[-2.746,-1.035],[-2.746,2.262],[2.746,2.262]]},"ix":2}},{"ty":"fl","bm":0,"hd":false,"mn":"ADBE Vector Graphic - Fill","nm":"Fill 1","c":{"a":0,"k":[0.7451,0.6,0.3176],"ix":4},"r":1,"o":{"a":0,"k":100,"ix":5}},{"ty":"tr","a":{"a":0,"k":[0,0],"ix":1},"s":{"a":0,"k":[100,100],"ix":3},"sk":{"a":0,"k":0,"ix":4},"p":{"a":0,"k":[0,0],"ix":2},"r":{"a":0,"k":-35.514,"ix":6},"sa":{"a":0,"k":0,"ix":5},"o":{"a":0,"k":100,"ix":7}}]}],"ind":18},{"ty":4,"nm":"Rectangle 149479630","sr":1,"st":0,"op":300,"ip":0,"hd":false,"ddd":0,"bm":0,"hasMask":false,"ao":0,"ks":{"a":{"a":0,"k":[0,0,0],"ix":1},"s":{"a":0,"k":[100,100,100],"ix":6},"sk":{"a":0,"k":0},"p":{"a":1,"k":[{"o":{"x":0.949,"y":0},"i":{"x":0.006,"y":1},"s":[138,138,0],"t":0,"ti":[-12.252,7.388,0],"to":[12.252,-7.388,0]},{"s":[211.511,93.669,0],"t":120}],"ix":2},"r":{"a":0,"k":0,"ix":10},"sa":{"a":0,"k":0},"o":{"a":1,"k":[{"o":{"x":0.778,"y":0},"i":{"x":0,"y":1},"s":[0],"t":42},{"s":[100],"t":98}],"ix":11}},"ef":[],"shapes":[{"ty":"gr","bm":0,"hd":false,"mn":"ADBE Vector Group","nm":"Rectangle 149479630","ix":1,"cix":2,"np":2,"it":[{"ty":"sh","bm":0,"hd":false,"mn":"ADBE Vector Shape - Group","nm":"Path 1","ix":1,"d":1,"ks":{"a":0,"k":{"c":true,"i":[[0,0],[2.276,-1.812],[0,0],[-2.615,-1.81]],"o":[[-2.31,-1.918],[0,0],[2.611,-1.765],[0,0]],"v":[[4.405,-1.179],[-4.405,-1.179],[-4.405,2.578],[4.405,2.578]]},"ix":2}},{"ty":"fl","bm":0,"hd":false,"mn":"ADBE Vector Graphic - Fill","nm":"Fill 1","c":{"a":0,"k":[0.7451,0.6,0.3176],"ix":4},"r":1,"o":{"a":0,"k":100,"ix":5}},{"ty":"tr","a":{"a":0,"k":[0,0],"ix":1},"s":{"a":0,"k":[100,100],"ix":3},"sk":{"a":0,"k":0,"ix":4},"p":{"a":0,"k":[0,0],"ix":2},"r":{"a":0,"k":35.514,"ix":6},"sa":{"a":0,"k":0,"ix":5},"o":{"a":0,"k":100,"ix":7}}]}],"ind":19},{"ty":4,"nm":"Rectangle 23229","sr":1,"st":3,"op":303,"ip":3,"hd":false,"ddd":0,"bm":0,"hasMask":false,"ao":0,"ks":{"a":{"a":0,"k":[0,0,0],"ix":1},"s":{"a":0,"k":[100,100,100],"ix":6},"sk":{"a":0,"k":0},"p":{"a":1,"k":[{"o":{"x":0.949,"y":0},"i":{"x":0.006,"y":1},"s":[138,138,0],"t":3,"ti":[-15.652,-19.399,0],"to":[15.652,19.399,0]},{"s":[231.912,254.395,0],"t":123}],"ix":2},"r":{"a":0,"k":0,"ix":10},"sa":{"a":0,"k":0},"o":{"a":1,"k":[{"o":{"x":0.778,"y":0},"i":{"x":0,"y":1},"s":[0],"t":45},{"s":[100],"t":101}],"ix":11}},"ef":[],"shapes":[{"ty":"gr","bm":0,"hd":false,"mn":"ADBE Vector Group","nm":"Rectangle 23229","ix":1,"cix":2,"np":2,"it":[{"ty":"sh","bm":0,"hd":false,"mn":"ADBE Vector Shape - Group","nm":"Path 1","ix":1,"d":1,"ks":{"a":0,"k":{"c":true,"i":[[0,0],[4.36,-0.293],[0,0],[-4.403,-0.373]],"o":[[-4.606,-1.142],[0,0],[4.585,-1.093],[0,0]],"v":[[5.742,-1.972],[-5.742,-3.046],[-5.742,3.162],[5.742,2.215]]},"ix":2}},{"ty":"fl","bm":0,"hd":false,"mn":"ADBE Vector Graphic - Fill","nm":"Fill 1","c":{"a":0,"k":[0.7451,0.6,0.3176],"ix":4},"r":1,"o":{"a":0,"k":100,"ix":5}},{"ty":"tr","a":{"a":0,"k":[0,0],"ix":1},"s":{"a":0,"k":[100,100],"ix":3},"sk":{"a":0,"k":0,"ix":4},"p":{"a":0,"k":[0,0],"ix":2},"r":{"a":0,"k":45.794,"ix":6},"sa":{"a":0,"k":0,"ix":5},"o":{"a":0,"k":100,"ix":7}}]}],"ind":20},{"ty":4,"nm":"Rectangle 23236","sr":1,"st":2,"op":302,"ip":2,"hd":false,"ddd":0,"bm":0,"hasMask":false,"ao":0,"ks":{"a":{"a":0,"k":[0,0,0],"ix":1},"s":{"a":0,"k":[100,-100,100],"ix":6},"sk":{"a":0,"k":0},"p":{"a":1,"k":[{"o":{"x":0.949,"y":0},"i":{"x":0.006,"y":1},"s":[138,138,0],"t":2,"ti":[-16.289,-0.114,0],"to":[16.289,0.114,0]},{"s":[235.732,138.687,0],"t":122}],"ix":2},"r":{"a":0,"k":0,"ix":10},"sa":{"a":0,"k":0},"o":{"a":1,"k":[{"o":{"x":0.778,"y":0},"i":{"x":0,"y":1},"s":[0],"t":44},{"s":[100],"t":100}],"ix":11}},"ef":[],"shapes":[{"ty":"gr","bm":0,"hd":false,"mn":"ADBE Vector Group","nm":"Rectangle 23236","ix":1,"cix":2,"np":2,"it":[{"ty":"sh","bm":0,"hd":false,"mn":"ADBE Vector Shape - Group","nm":"Path 1","ix":1,"d":1,"ks":{"a":0,"k":{"c":true,"i":[[0,0],[4.452,-0.299],[0,0],[-4.496,-0.38]],"o":[[-4.703,-1.166],[0,0],[4.682,-1.116],[0,0]],"v":[[5.863,-2.013],[-5.863,-3.11],[-5.863,3.229],[5.863,2.262]]},"ix":2}},{"ty":"fl","bm":0,"hd":false,"mn":"ADBE Vector Graphic - Fill","nm":"Fill 1","c":{"a":0,"k":[0.7451,0.6,0.3176],"ix":4},"r":1,"o":{"a":0,"k":100,"ix":5}},{"ty":"tr","a":{"a":0,"k":[0,0],"ix":1},"s":{"a":0,"k":[100,100],"ix":3},"sk":{"a":0,"k":0,"ix":4},"p":{"a":0,"k":[0,0],"ix":2},"r":{"a":0,"k":-45.794,"ix":6},"sa":{"a":0,"k":0,"ix":5},"o":{"a":0,"k":100,"ix":7}}]}],"ind":21},{"ty":4,"nm":"Rectangle 149479629","sr":1,"st":0,"op":300,"ip":0,"hd":false,"ddd":0,"bm":0,"hasMask":false,"ao":0,"ks":{"a":{"a":0,"k":[0,0,0],"ix":1},"s":{"a":0,"k":[100,100,100],"ix":6},"sk":{"a":0,"k":0},"p":{"a":1,"k":[{"o":{"x":0.949,"y":0},"i":{"x":0.006,"y":1},"s":[138,138,0],"t":0,"ti":[11.911,1.255,0],"to":[-11.911,-1.255,0]},{"s":[66.536,130.469,0],"t":120}],"ix":2},"r":{"a":0,"k":0,"ix":10},"sa":{"a":0,"k":0},"o":{"a":1,"k":[{"o":{"x":0.778,"y":0},"i":{"x":0,"y":1},"s":[0],"t":42},{"s":[100],"t":98}],"ix":11}},"ef":[],"shapes":[{"ty":"gr","bm":0,"hd":false,"mn":"ADBE Vector Group","nm":"Rectangle 149479629","ix":1,"cix":2,"np":2,"it":[{"ty":"sh","bm":0,"hd":false,"mn":"ADBE Vector Shape - Group","nm":"Path 1","ix":1,"d":1,"ks":{"a":0,"k":{"c":true,"i":[[0,0],[2.59,-0.174],[0,0],[-2.616,-0.221]],"o":[[-2.737,-0.678],[0,0],[2.724,-0.649],[0,0]],"v":[[3.412,-1.171],[-3.412,-1.81],[-3.412,1.879],[3.412,1.316]]},"ix":2}},{"ty":"fl","bm":0,"hd":false,"mn":"ADBE Vector Graphic - Fill","nm":"Fill 1","c":{"a":0,"k":[0.7451,0.6,0.3176],"ix":4},"r":1,"o":{"a":0,"k":100,"ix":5}},{"ty":"tr","a":{"a":0,"k":[0,0],"ix":1},"s":{"a":0,"k":[100,100],"ix":3},"sk":{"a":0,"k":0,"ix":4},"p":{"a":0,"k":[0,0],"ix":2},"r":{"a":0,"k":45.794,"ix":6},"sa":{"a":0,"k":0,"ix":5},"o":{"a":0,"k":100,"ix":7}}]}],"ind":22},{"ty":4,"nm":"Rectangle 23230","sr":1,"st":4,"op":304,"ip":4,"hd":false,"ddd":0,"bm":0,"hasMask":false,"ao":0,"ks":{"a":{"a":0,"k":[0,0,0],"ix":1},"s":{"a":0,"k":[-100,100,100],"ix":6},"sk":{"a":0,"k":0},"p":{"a":1,"k":[{"o":{"x":0.949,"y":0},"i":{"x":0.006,"y":1},"s":[138,138,0],"t":4,"ti":[10.63,-10.22,0],"to":[-10.63,10.22,0]},{"s":[74.219,199.319,0],"t":124}],"ix":2},"r":{"a":0,"k":0,"ix":10},"sa":{"a":0,"k":0},"o":{"a":1,"k":[{"o":{"x":0.778,"y":0},"i":{"x":0,"y":1},"s":[0],"t":46},{"s":[100],"t":102}],"ix":11}},"ef":[],"shapes":[{"ty":"gr","bm":0,"hd":false,"mn":"ADBE Vector Group","nm":"Rectangle 23230","ix":1,"cix":2,"np":2,"it":[{"ty":"sh","bm":0,"hd":false,"mn":"ADBE Vector Shape - Group","nm":"Path 1","ix":1,"d":1,"ks":{"a":0,"k":{"c":true,"i":[[0,0],[2.966,-2.284],[0,0],[-3.409,-2.281]],"o":[[-3.011,-2.417],[0,0],[3.404,-2.224],[0,0]],"v":[[5.741,-1.486],[-5.741,-1.486],[-5.741,3.249],[5.741,3.249]]},"ix":2}},{"ty":"fl","bm":0,"hd":false,"mn":"ADBE Vector Graphic - Fill","nm":"Fill 1","c":{"a":0,"k":[0.7451,0.6,0.3176],"ix":4},"r":1,"o":{"a":0,"k":100,"ix":5}},{"ty":"tr","a":{"a":0,"k":[0,0],"ix":1},"s":{"a":0,"k":[100,100],"ix":3},"sk":{"a":0,"k":0,"ix":4},"p":{"a":0,"k":[0,0],"ix":2},"r":{"a":0,"k":60.683,"ix":6},"sa":{"a":0,"k":0,"ix":5},"o":{"a":0,"k":100,"ix":7}}]}],"ind":23},{"ty":4,"nm":"Vector 7279","sr":1,"st":3,"op":303,"ip":3,"hd":false,"ddd":0,"bm":0,"hasMask":false,"ao":0,"ks":{"a":{"a":0,"k":[0,0,0],"ix":1},"s":{"a":0,"k":[100,100,100],"ix":6},"sk":{"a":0,"k":0},"p":{"a":1,"k":[{"o":{"x":0.949,"y":0},"i":{"x":0.006,"y":1},"s":[138,138,0],"t":3,"ti":[1.353,15.801,0],"to":[-1.353,-15.801,0]},{"s":[129.879,43.195,0],"t":123}],"ix":2},"r":{"a":0,"k":0,"ix":10},"sa":{"a":0,"k":0},"o":{"a":1,"k":[{"o":{"x":0.778,"y":0},"i":{"x":0,"y":1},"s":[0],"t":45},{"s":[100],"t":101}],"ix":11}},"ef":[],"shapes":[{"ty":"gr","bm":0,"hd":false,"mn":"ADBE Vector Group","nm":"Vector 7279","ix":1,"cix":2,"np":2,"it":[{"ty":"sh","bm":0,"hd":false,"mn":"ADBE Vector Shape - Group","nm":"Path 1","ix":1,"d":1,"ks":{"a":0,"k":{"c":true,"i":[[2.261,1.033],[0,0],[-1.35,2.863]],"o":[[0,0],[4.627,0.545],[-2.049,1.072]],"v":[[-2.155,-1.935],[-4.555,2.02],[4.555,-2.116]]},"ix":2}},{"ty":"fl","bm":0,"hd":false,"mn":"ADBE Vector Graphic - Fill","nm":"Fill 1","c":{"a":0,"k":[0.7451,0.6,0.3176],"ix":4},"r":1,"o":{"a":0,"k":100,"ix":5}},{"ty":"tr","a":{"a":0,"k":[0,0],"ix":1},"s":{"a":0,"k":[100,100],"ix":3},"sk":{"a":0,"k":0,"ix":4},"p":{"a":0,"k":[0,0],"ix":2},"r":{"a":0,"k":-75.392,"ix":6},"sa":{"a":0,"k":0,"ix":5},"o":{"a":0,"k":100,"ix":7}}]}],"ind":24},{"ty":4,"nm":"Confetti","sr":1,"st":0,"op":300,"ip":0,"hd":false,"ddd":0,"bm":0,"hasMask":false,"ao":0,"ks":{"a":{"a":0,"k":[0,0,0],"ix":1},"s":{"a":0,"k":[100,100,100],"ix":6},"sk":{"a":0,"k":0},"p":{"a":0,"k":[138,138,0],"ix":2},"r":{"a":0,"k":0,"ix":10},"sa":{"a":0,"k":0},"o":{"a":0,"k":100,"ix":11}},"ef":[],"shapes":[{"ty":"gr","bm":0,"hd":false,"mn":"ADBE Vector Group","nm":"Confetti","ix":1,"cix":2,"np":1,"it":[{"ty":"rc","bm":0,"hd":false,"mn":"ADBE Vector Shape - Rect","nm":"Rectangle Path 1","d":1,"p":{"a":0,"k":[0,0],"ix":3},"r":{"a":0,"k":0,"ix":4},"s":{"a":0,"k":[276,276],"ix":2}},{"ty":"tr","a":{"a":0,"k":[0,0],"ix":1},"s":{"a":0,"k":[100,100],"ix":3},"sk":{"a":0,"k":0,"ix":4},"p":{"a":0,"k":[0,0],"ix":2},"r":{"a":0,"k":0,"ix":6},"sa":{"a":0,"k":0,"ix":5},"o":{"a":0,"k":100,"ix":7}}]}],"ind":25}]},{"nm":"","id":"comp_1","layers":[{"ty":4,"nm":"Vector","sr":1,"st":0,"op":300,"ip":0,"hd":true,"ddd":0,"bm":0,"hasMask":false,"ao":0,"ks":{"a":{"a":0,"k":[0,0,0],"ix":1},"s":{"a":0,"k":[100,100,100],"ix":6},"sk":{"a":0,"k":0},"p":{"a":0,"k":[133.717,28.206,0],"ix":2},"r":{"a":0,"k":0,"ix":10},"sa":{"a":0,"k":0},"o":{"a":0,"k":100,"ix":11}},"ef":[],"shapes":[{"ty":"gr","bm":0,"hd":false,"mn":"ADBE Vector Group","nm":"Vector","ix":1,"cix":2,"np":26,"it":[{"ty":"sh","bm":0,"hd":false,"mn":"ADBE Vector Shape - Group","nm":"Path 1","ix":1,"d":1,"ks":{"a":0,"k":{"c":true,"i":[[0,0],[0,0],[0,0],[-1.131,0.576],[-0.661,1.045],[0,1.451],[0.661,1.045],[1.152,0.576],[1.429,0],[0,0],[0,0],[0,0],[-0.555,-0.277],[-0.32,-0.533],[0,-0.725],[0.32,-0.533],[0.555,-0.277],[0.683,0]],"o":[[0,0],[0,0],[1.429,0],[1.152,-0.576],[0.661,-1.067],[0,-1.451],[-0.661,-1.067],[-1.131,-0.576],[0,0],[0,0],[0,0],[0.683,0],[0.555,0.277],[0.32,0.533],[0,0.747],[-0.32,0.512],[-0.555,0.277],[0,0]],"v":[[-119.104,-3.568],[-119.104,-0.016],[-113.44,-0.016],[-109.6,-0.88],[-106.88,-3.312],[-105.888,-7.088],[-106.88,-10.832],[-109.6,-13.296],[-113.44,-14.16],[-119.104,-14.16],[-119.104,-10.608],[-113.888,-10.608],[-112.032,-10.192],[-110.72,-8.976],[-110.24,-7.088],[-110.72,-5.168],[-112.032,-3.984],[-113.888,-3.568]]},"ix":2}},{"ty":"sh","bm":0,"hd":false,"mn":"ADBE Vector Shape - Group","nm":"Path 2","ix":2,"d":1,"ks":{"a":0,"k":{"c":true,"i":[[0,0],[0,0],[0,0],[0,0]],"o":[[0,0],[0,0],[0,0],[0,0]],"v":[[-122.304,-14.16],[-122.304,8.336],[-117.952,8.336],[-117.952,-14.16]]},"ix":2}},{"ty":"sh","bm":0,"hd":false,"mn":"ADBE Vector Shape - Group","nm":"Path 3","ix":3,"d":1,"ks":{"a":0,"k":{"c":true,"i":[[-1.131,-0.704],[-1.408,0],[-0.875,0.448],[-0.512,0.789],[-0.043,1.024],[0,0],[0.533,0.789],[0.875,0.448],[1.109,0],[1.131,-0.704],[0.64,-1.216],[0,-1.536],[-0.64,-1.216]],"o":[[1.131,0.704],[1.109,0],[0.875,-0.469],[0.533,-0.789],[0,0],[-0.043,-1.003],[-0.512,-0.811],[-0.875,-0.448],[-1.408,0],[-1.131,0.704],[-0.64,1.216],[0,1.515],[0.64,1.216]],"v":[[-101.596,7.6],[-97.788,8.656],[-94.812,7.984],[-92.732,6.096],[-91.868,3.376],[-91.868,-2.192],[-92.732,-4.88],[-94.812,-6.768],[-97.788,-7.44],[-101.596,-6.384],[-104.252,-3.504],[-105.212,0.624],[-104.252,4.72]]},"ix":2}},{"ty":"sh","bm":0,"hd":false,"mn":"ADBE Vector Shape - Group","nm":"Path 4","ix":4,"d":1,"ks":{"a":0,"k":{"c":true,"i":[[0.725,-0.789],[1.173,0],[0.597,0.341],[0.341,0.619],[0,0.832],[-0.32,0.619],[-0.576,0.341],[-0.768,0],[-0.576,-0.363],[-0.32,-0.64],[0,-0.811]],"o":[[-0.725,0.768],[-0.768,0],[-0.576,-0.363],[-0.32,-0.64],[0,-0.811],[0.341,-0.64],[0.597,-0.363],[0.789,0],[0.597,0.341],[0.341,0.619],[0,1.237]],"v":[[-94.172,3.632],[-97.02,4.784],[-99.068,4.272],[-100.444,2.8],[-100.924,0.592],[-100.444,-1.552],[-99.068,-3.024],[-97.02,-3.568],[-94.972,-3.024],[-93.596,-1.552],[-93.084,0.592]]},"ix":2}},{"ty":"sh","bm":0,"hd":false,"mn":"ADBE Vector Shape - Group","nm":"Path 5","ix":5,"d":1,"ks":{"a":0,"k":{"c":true,"i":[[0,0],[0,0],[0,0],[0,0],[0,0],[0,0],[0,0]],"o":[[0,0],[0,0],[0,0],[0,0],[0,0],[0,0],[0,0]],"v":[[-93.308,4.176],[-93.308,8.336],[-89.148,8.336],[-89.148,-7.12],[-93.308,-7.12],[-93.308,-3.312],[-92.636,0.4]]},"ix":2}},{"ty":"sh","bm":0,"hd":false,"mn":"ADBE Vector Shape - Group","nm":"Path 6","ix":6,"d":1,"ks":{"a":0,"k":{"c":true,"i":[[0,0],[0,0],[0,0],[0,0],[0,0],[0,0],[0,0],[0,0]],"o":[[0,0],[0,0],[0,0],[0,0],[0,0],[0,0],[0,0],[0,0]],"v":[[-87.539,-7.12],[-81.075,8.464],[-78.099,8.464],[-71.219,-7.12],[-75.795,-7.12],[-80.243,4.784],[-78.707,4.784],[-82.995,-7.12]]},"ix":2}},{"ty":"sh","bm":0,"hd":false,"mn":"ADBE Vector Shape - Group","nm":"Path 7","ix":7,"d":1,"ks":{"a":0,"k":{"c":true,"i":[[0,0],[0,0],[0,0],[0,0]],"o":[[0,0],[0,0],[0,0],[0,0]],"v":[[-80.659,4.848],[-85.363,14.8],[-80.915,14.8],[-78.099,8.464]]},"ix":2}},{"ty":"sh","bm":0,"hd":false,"mn":"ADBE Vector Shape - Group","nm":"Path 8","ix":8,"d":1,"ks":{"a":0,"k":{"c":true,"i":[[0,0],[0,0],[0,0],[0,0]],"o":[[0,0],[0,0],[0,0],[0,0]],"v":[[-69.971,-7.12],[-69.971,8.336],[-65.779,8.336],[-65.779,-7.12]]},"ix":2}},{"ty":"sh","bm":0,"hd":false,"mn":"ADBE Vector Shape - Group","nm":"Path 9","ix":9,"d":1,"ks":{"a":0,"k":{"c":true,"i":[[0,-0.896],[0,0],[0,0],[0,0],[0.512,0.853],[0.875,0.469],[1.067,0],[0.896,-0.491],[0.533,-0.875],[0,-1.195],[0,0],[-0.256,0.427],[-0.448,0.213],[-0.555,0],[-0.555,-0.512]],"o":[[0,0],[0,0],[0,0],[0,-1.216],[-0.512,-0.875],[-0.875,-0.491],[-1.131,0],[-0.896,0.469],[-0.512,0.875],[0,0],[0,-0.597],[0.256,-0.427],[0.448,-0.235],[0.832,0],[0.576,0.491]],"v":[[-59.891,-0.784],[-59.891,8.336],[-55.699,8.336],[-55.699,-1.584],[-56.467,-4.688],[-58.547,-6.704],[-61.459,-7.44],[-64.499,-6.704],[-66.643,-4.688],[-67.411,-1.584],[-65.779,-0.784],[-65.395,-2.32],[-64.339,-3.28],[-62.835,-3.632],[-60.755,-2.864]]},"ix":2}},{"ty":"sh","bm":0,"hd":false,"mn":"ADBE Vector Shape - Group","nm":"Path 10","ix":10,"d":1,"ks":{"a":0,"k":{"c":true,"i":[[0,-0.896],[0,0],[0,0],[0,0],[0.533,0.896],[0.917,0.469],[1.152,0],[0.939,-0.512],[0.576,-0.917],[0.085,-1.237],[0,0],[-0.256,0.427],[-0.448,0.213],[-0.533,0],[-0.555,-0.512]],"o":[[0,0],[0,0],[0,0],[0,-1.237],[-0.533,-0.896],[-0.917,-0.491],[-1.152,0],[-0.939,0.491],[-0.576,0.896],[0,0],[0,-0.597],[0.256,-0.427],[0.469,-0.235],[0.832,0],[0.576,0.491]],"v":[[-49.811,-0.784],[-49.811,8.336],[-45.619,8.336],[-45.619,-1.456],[-46.419,-4.656],[-48.595,-6.704],[-51.699,-7.44],[-54.835,-6.672],[-57.107,-4.56],[-58.099,-1.36],[-55.699,-0.784],[-55.315,-2.32],[-54.259,-3.28],[-52.755,-3.632],[-50.675,-2.864]]},"ix":2}},{"ty":"sh","bm":0,"hd":false,"mn":"ADBE Vector Shape - Group","nm":"Path 11","ix":11,"d":1,"ks":{"a":0,"k":{"c":true,"i":[[-1.259,-0.704],[-1.621,0],[-1.067,0.448],[-0.747,0.875],[0,0],[0.64,-0.277],[0.789,0],[0.661,0.363],[0.363,0.683],[0,0.939],[-0.32,0.661],[-0.619,0.363],[-0.832,0],[-0.533,-0.341],[-0.277,-0.619],[-0.043,-0.917],[0,0],[0,0],[0,0],[0,0],[-0.021,0.277],[0,0.277],[0.661,1.152],[1.152,0.661],[1.493,0],[1.237,-0.725],[0.725,-1.216],[0,-1.536],[-0.725,-1.216]],"o":[[1.259,0.683],[1.259,0],[1.088,-0.448],[0,0],[-0.469,0.533],[-0.64,0.256],[-0.875,0],[-0.661,-0.384],[-0.341,-0.704],[0,-0.917],[0.341,-0.683],[0.619,-0.384],[0.789,0],[0.555,0.32],[0.299,0.619],[0,0],[0,0],[0,0],[0,0],[0.085,-0.363],[0.043,-0.299],[0,-1.472],[-0.64,-1.173],[-1.131,-0.683],[-1.515,0],[-1.237,0.704],[-0.704,1.195],[0,1.557],[0.747,1.216]],"v":[[-39.649,7.632],[-35.329,8.656],[-31.841,7.984],[-29.089,6],[-31.553,3.536],[-33.217,4.752],[-35.361,5.136],[-37.665,4.592],[-39.201,2.992],[-39.713,0.528],[-39.233,-1.84],[-37.793,-3.408],[-35.617,-3.984],[-33.633,-3.472],[-32.385,-2.064],[-31.873,0.24],[-30.177,-1.072],[-41.217,-1.04],[-41.217,2.096],[-28.225,2.064],[-28.065,1.104],[-28.001,0.24],[-28.993,-3.696],[-31.681,-6.448],[-35.617,-7.472],[-39.745,-6.384],[-42.689,-3.504],[-43.745,0.592],[-42.657,4.752]]},"ix":2}},{"ty":"sh","bm":0,"hd":false,"mn":"ADBE Vector Shape - Group","nm":"Path 12","ix":12,"d":1,"ks":{"a":0,"k":{"c":true,"i":[[0,-0.917],[0,0],[0,0],[0,0],[0.512,0.896],[0.896,0.555],[1.131,0],[0.939,-0.512],[0.533,-0.917],[0,-1.216],[0,0],[-0.256,0.469],[-0.469,0.256],[-0.597,0],[-0.576,-0.576]],"o":[[0,0],[0,0],[0,0],[0,-1.045],[-0.512,-0.917],[-0.896,-0.576],[-1.173,0],[-0.917,0.512],[-0.512,0.896],[0,0],[0,-0.619],[0.277,-0.469],[0.469,-0.256],[0.917,0],[0.576,0.576]],"v":[[-15.508,-0.528],[-15.508,8.336],[-11.316,8.336],[-11.316,-1.456],[-12.084,-4.368],[-14.196,-6.576],[-17.236,-7.44],[-20.404,-6.672],[-22.58,-4.528],[-23.348,-1.36],[-21.716,-0.528],[-21.332,-2.16],[-20.212,-3.248],[-18.612,-3.632],[-16.372,-2.768]]},"ix":2}},{"ty":"sh","bm":0,"hd":false,"mn":"ADBE Vector Shape - Group","nm":"Path 13","ix":13,"d":1,"ks":{"a":0,"k":{"c":true,"i":[[0,0],[0,0],[0,0],[0,0]],"o":[[0,0],[0,0],[0,0],[0,0]],"v":[[-25.908,-7.12],[-25.908,8.336],[-21.716,8.336],[-21.716,-7.12]]},"ix":2}},{"ty":"sh","bm":0,"hd":false,"mn":"ADBE Vector Shape - Group","nm":"Path 14","ix":14,"d":1,"ks":{"a":0,"k":{"c":true,"i":[[0,0],[0,0],[0,0],[0,0]],"o":[[0,0],[0,0],[0,0],[0,0]],"v":[[-6.355,-13.552],[-6.355,8.336],[-2.163,8.336],[-2.163,-13.552]]},"ix":2}},{"ty":"sh","bm":0,"hd":false,"mn":"ADBE Vector Shape - Group","nm":"Path 15","ix":15,"d":1,"ks":{"a":0,"k":{"c":true,"i":[[0,0],[0,0],[0,0],[0,0]],"o":[[0,0],[0,0],[0,0],[0,0]],"v":[[-9.971,-7.12],[-9.971,-3.44],[1.453,-3.44],[1.453,-7.12]]},"ix":2}},{"ty":"sh","bm":0,"hd":false,"mn":"ADBE Vector Shape - Group","nm":"Path 16","ix":16,"d":1,"ks":{"a":0,"k":{"c":true,"i":[[-1.28,-0.619],[-1.813,0],[-1.472,1.195],[0,2.091],[0.384,0.789],[0.64,0.512],[0.768,0.32],[0.768,0.256],[0.64,0.277],[0.384,0.384],[0,0.619],[-0.576,0.384],[-1.003,0],[-0.683,-0.341],[-0.661,-0.725],[0,0],[1.237,0.576],[1.536,0],[1.152,-0.512],[0.661,-0.96],[0,-1.365],[-0.384,-0.768],[-0.619,-0.491],[-0.747,-0.32],[-0.747,-0.256],[-0.619,-0.299],[-0.384,-0.427],[0,-0.683],[0.683,-0.448],[1.131,0],[0.875,0.469],[0.661,0.875],[0,0]],"o":[[1.301,0.619],[2.56,0],[1.472,-1.195],[0,-1.173],[-0.384,-0.811],[-0.619,-0.512],[-0.747,-0.32],[-0.747,-0.256],[-0.619,-0.277],[-0.384,-0.384],[0,-0.725],[0.576,-0.384],[0.875,0],[0.704,0.341],[0,0],[-0.789,-0.917],[-1.237,-0.576],[-1.451,0],[-1.152,0.512],[-0.661,0.96],[0,1.152],[0.384,0.747],[0.64,0.469],[0.768,0.32],[0.768,0.235],[0.64,0.299],[0.384,0.427],[0,0.789],[-0.661,0.448],[-1.259,0],[-0.875,-0.491],[0,0],[1.045,1.237]],"v":[[11.365,7.728],[16.037,8.656],[22.085,6.864],[24.293,1.936],[23.717,-1.008],[22.181,-2.992],[20.101,-4.24],[17.829,-5.104],[15.749,-5.904],[14.245,-6.896],[13.669,-8.4],[14.533,-10.064],[16.901,-10.64],[19.237,-10.128],[21.285,-8.528],[24.165,-11.408],[21.125,-13.648],[16.965,-14.512],[13.061,-13.744],[10.341,-11.536],[9.349,-8.048],[9.925,-5.168],[11.429,-3.312],[13.509,-2.128],[15.781,-1.264],[17.861,-0.464],[19.397,0.624],[19.973,2.288],[18.949,4.144],[16.261,4.816],[13.061,4.112],[10.757,2.064],[7.877,4.944]]},"ix":2}},{"ty":"sh","bm":0,"hd":false,"mn":"ADBE Vector Shape - Group","nm":"Path 17","ix":17,"d":1,"ks":{"a":0,"k":{"c":true,"i":[[-1.046,-0.576],[-1.366,0],[-1.046,0.555],[-0.576,1.024],[0,1.365],[0,0],[0,0],[0,0],[0.49,-0.533],[0.874,0],[0.426,0.235],[0.213,0.448],[0,0.64],[0,0],[0,0],[0,0],[-0.598,-1.024]],"o":[[1.066,0.576],[1.365,0],[1.066,-0.576],[0.597,-1.024],[0,0],[0,0],[0,0],[0,0.96],[-0.491,0.533],[-0.576,0],[-0.427,-0.235],[-0.214,-0.469],[0,0],[0,0],[0,0],[0,1.344],[0.597,1.024]],"v":[[29.724,7.792],[33.372,8.656],[36.988,7.824],[39.452,5.424],[40.348,1.84],[40.348,-7.12],[36.156,-7.12],[36.156,1.744],[35.42,3.984],[33.372,4.784],[31.868,4.432],[30.908,3.408],[30.588,1.744],[30.588,-7.12],[26.364,-7.12],[26.364,1.84],[27.26,5.392]]},"ix":2}},{"ty":"sh","bm":0,"hd":false,"mn":"ADBE Vector Shape - Group","nm":"Path 18","ix":18,"d":1,"ks":{"a":0,"k":{"c":true,"i":[[-1.259,-0.704],[-1.579,0],[-1.024,0.448],[-0.789,0.853],[0,0],[0.576,-0.256],[0.704,0],[0.619,0.341],[0.363,0.619],[0,0.811],[-0.341,0.597],[-0.597,0.341],[-0.768,0],[-0.555,-0.235],[-0.405,-0.448],[0,0],[1.024,0.448],[1.216,0],[1.28,-0.725],[0.725,-1.216],[0,-1.536],[-0.725,-1.216]],"o":[[1.259,0.704],[1.216,0],[1.024,-0.448],[0,0],[-0.405,0.469],[-0.555,0.235],[-0.768,0],[-0.597,-0.363],[-0.341,-0.64],[0,-0.832],[0.363,-0.619],[0.619,-0.363],[0.683,0],[0.576,0.235],[0,0],[-0.747,-0.832],[-1.024,-0.448],[-1.557,0],[-1.259,0.704],[-0.725,1.216],[0,1.515],[0.725,1.216]],"v":[[46.226,7.6],[50.482,8.656],[53.842,7.984],[56.562,6.032],[53.842,3.312],[52.37,4.4],[50.482,4.752],[48.402,4.24],[46.962,2.768],[46.45,0.592],[46.962,-1.552],[48.402,-2.992],[50.482,-3.536],[52.338,-3.184],[53.81,-2.16],[56.498,-4.88],[53.842,-6.8],[50.482,-7.472],[46.226,-6.384],[43.25,-3.504],[42.162,0.624],[43.25,4.72]]},"ix":2}},{"ty":"sh","bm":0,"hd":false,"mn":"ADBE Vector Shape - Group","nm":"Path 19","ix":19,"d":1,"ks":{"a":0,"k":{"c":true,"i":[[-1.259,-0.704],[-1.579,0],[-1.024,0.448],[-0.789,0.853],[0,0],[0.576,-0.256],[0.704,0],[0.619,0.341],[0.363,0.619],[0,0.811],[-0.341,0.597],[-0.597,0.341],[-0.768,0],[-0.555,-0.235],[-0.405,-0.448],[0,0],[1.024,0.448],[1.216,0],[1.28,-0.725],[0.725,-1.216],[0,-1.536],[-0.725,-1.216]],"o":[[1.259,0.704],[1.216,0],[1.024,-0.448],[0,0],[-0.405,0.469],[-0.555,0.235],[-0.768,0],[-0.597,-0.363],[-0.341,-0.64],[0,-0.832],[0.363,-0.619],[0.619,-0.363],[0.683,0],[0.576,0.235],[0,0],[-0.747,-0.832],[-1.024,-0.448],[-1.557,0],[-1.259,0.704],[-0.725,1.216],[0,1.515],[0.725,1.216]],"v":[[61.132,7.6],[65.388,8.656],[68.748,7.984],[71.468,6.032],[68.748,3.312],[67.276,4.4],[65.388,4.752],[63.308,4.24],[61.868,2.768],[61.356,0.592],[61.868,-1.552],[63.308,-2.992],[65.388,-3.536],[67.244,-3.184],[68.716,-2.16],[71.404,-4.88],[68.748,-6.8],[65.388,-7.472],[61.132,-6.384],[58.156,-3.504],[57.068,0.624],[58.156,4.72]]},"ix":2}},{"ty":"sh","bm":0,"hd":false,"mn":"ADBE Vector Shape - Group","nm":"Path 20","ix":20,"d":1,"ks":{"a":0,"k":{"c":true,"i":[[-1.258,-0.704],[-1.621,0],[-1.066,0.448],[-0.746,0.875],[0,0],[0.64,-0.277],[0.79,0],[0.662,0.363],[0.363,0.683],[0,0.939],[-0.32,0.661],[-0.618,0.363],[-0.832,0],[-0.533,-0.341],[-0.277,-0.619],[-0.042,-0.917],[0,0],[0,0],[0,0],[0,0],[-0.021,0.277],[0,0.277],[0.662,1.152],[1.152,0.661],[1.494,0],[1.238,-0.725],[0.726,-1.216],[0,-1.536],[-0.725,-1.216]],"o":[[1.259,0.683],[1.259,0],[1.088,-0.448],[0,0],[-0.469,0.533],[-0.64,0.256],[-0.874,0],[-0.661,-0.384],[-0.341,-0.704],[0,-0.917],[0.342,-0.683],[0.619,-0.384],[0.79,0],[0.555,0.32],[0.299,0.619],[0,0],[0,0],[0,0],[0,0],[0.086,-0.363],[0.043,-0.299],[0,-1.472],[-0.64,-1.173],[-1.13,-0.683],[-1.514,0],[-1.237,0.704],[-0.704,1.195],[0,1.557],[0.747,1.216]],"v":[[76.07,7.632],[80.39,8.656],[83.878,7.984],[86.63,6],[84.166,3.536],[82.502,4.752],[80.358,5.136],[78.054,4.592],[76.518,2.992],[76.006,0.528],[76.486,-1.84],[77.926,-3.408],[80.102,-3.984],[82.086,-3.472],[83.334,-2.064],[83.846,0.24],[85.542,-1.072],[74.502,-1.04],[74.502,2.096],[87.494,2.064],[87.654,1.104],[87.718,0.24],[86.726,-3.696],[84.038,-6.448],[80.102,-7.472],[75.974,-6.384],[73.03,-3.504],[71.974,0.592],[73.062,4.752]]},"ix":2}},{"ty":"sh","bm":0,"hd":false,"mn":"ADBE Vector Shape - Group","nm":"Path 21","ix":21,"d":1,"ks":{"a":0,"k":{"c":true,"i":[[-0.832,-0.235],[-0.875,0],[-1.088,0.875],[0,1.515],[0.384,0.597],[0.597,0.363],[0.661,0.192],[0.597,0.149],[0.384,0.213],[0,0.384],[-0.32,0.192],[-0.619,0],[-0.576,-0.256],[-0.469,-0.576],[0,0],[1.045,0.448],[1.28,0],[0.896,-0.405],[0.491,-0.725],[0,-0.981],[-0.363,-0.597],[-0.597,-0.341],[-0.64,-0.213],[-0.597,-0.171],[-0.363,-0.235],[0,-0.427],[0.363,-0.192],[0.683,0],[0.704,0.299],[0.533,0.597],[0,0],[-0.704,-0.427]],"o":[[0.853,0.235],[1.877,0],[1.088,-0.896],[0,-0.939],[-0.363,-0.597],[-0.576,-0.363],[-0.64,-0.213],[-0.597,-0.171],[-0.363,-0.213],[0,-0.341],[0.341,-0.192],[0.683,0],[0.597,0.256],[0,0],[-0.683,-0.896],[-1.024,-0.448],[-1.216,0],[-0.896,0.405],[-0.469,0.725],[0,0.939],[0.384,0.576],[0.597,0.32],[0.661,0.192],[0.597,0.149],[0.384,0.235],[0,0.384],[-0.341,0.192],[-0.853,0],[-0.704,-0.299],[0,0],[0.512,0.597],[0.704,0.405]],"v":[[92.531,8.336],[95.123,8.688],[99.571,7.376],[101.203,3.76],[100.627,1.456],[99.187,0.016],[97.331,-0.816],[95.475,-1.36],[94.003,-1.936],[93.459,-2.832],[93.939,-3.632],[95.379,-3.92],[97.267,-3.536],[98.867,-2.288],[101.395,-4.816],[98.803,-6.832],[95.347,-7.504],[92.179,-6.896],[90.099,-5.2],[89.395,-2.64],[89.939,-0.336],[91.411,1.04],[93.267,1.84],[95.155,2.384],[96.595,2.96],[97.171,3.952],[96.627,4.816],[95.091,5.104],[92.755,4.656],[90.899,3.312],[88.403,5.84],[90.227,7.376]]},"ix":2}},{"ty":"sh","bm":0,"hd":false,"mn":"ADBE Vector Shape - Group","nm":"Path 22","ix":22,"d":1,"ks":{"a":0,"k":{"c":true,"i":[[-0.832,-0.235],[-0.875,0],[-1.088,0.875],[0,1.515],[0.384,0.597],[0.597,0.363],[0.661,0.192],[0.597,0.149],[0.384,0.213],[0,0.384],[-0.32,0.192],[-0.619,0],[-0.576,-0.256],[-0.47,-0.576],[0,0],[1.045,0.448],[1.28,0],[0.896,-0.405],[0.49,-0.725],[0,-0.981],[-0.363,-0.597],[-0.598,-0.341],[-0.64,-0.213],[-0.598,-0.171],[-0.363,-0.235],[0,-0.427],[0.362,-0.192],[0.682,0],[0.704,0.299],[0.533,0.597],[0,0],[-0.704,-0.427]],"o":[[0.853,0.235],[1.877,0],[1.088,-0.896],[0,-0.939],[-0.363,-0.597],[-0.576,-0.363],[-0.64,-0.213],[-0.598,-0.171],[-0.363,-0.213],[0,-0.341],[0.341,-0.192],[0.682,0],[0.597,0.256],[0,0],[-0.683,-0.896],[-1.024,-0.448],[-1.216,0],[-0.896,0.405],[-0.47,0.725],[0,0.939],[0.384,0.576],[0.597,0.32],[0.661,0.192],[0.597,0.149],[0.384,0.235],[0,0.384],[-0.342,0.192],[-0.854,0],[-0.704,-0.299],[0,0],[0.512,0.597],[0.704,0.405]],"v":[[106.25,8.336],[108.842,8.688],[113.29,7.376],[114.922,3.76],[114.346,1.456],[112.906,0.016],[111.05,-0.816],[109.194,-1.36],[107.722,-1.936],[107.178,-2.832],[107.658,-3.632],[109.098,-3.92],[110.986,-3.536],[112.586,-2.288],[115.114,-4.816],[112.522,-6.832],[109.066,-7.504],[105.898,-6.896],[103.818,-5.2],[103.114,-2.64],[103.658,-0.336],[105.13,1.04],[106.986,1.84],[108.874,2.384],[110.314,2.96],[110.89,3.952],[110.346,4.816],[108.81,5.104],[106.474,4.656],[104.618,3.312],[102.122,5.84],[103.946,7.376]]},"ix":2}},{"ty":"sh","bm":0,"hd":false,"mn":"ADBE Vector Shape - Group","nm":"Path 23","ix":23,"d":1,"ks":{"a":0,"k":{"c":true,"i":[[0,0],[0,0],[0,0],[0,0]],"o":[[0,0],[0,0],[0,0],[0,0]],"v":[[117.44,-14.8],[118.08,0.496],[121.28,0.496],[121.92,-14.8]]},"ix":2}},{"ty":"sh","bm":0,"hd":false,"mn":"ADBE Vector Shape - Group","nm":"Path 24","ix":24,"d":1,"ks":{"a":0,"k":{"c":true,"i":[[-0.49,-0.512],[-0.768,0],[-0.49,0.512],[0,0.747],[0.491,0.512],[0.768,0],[0.491,-0.512],[0,-0.747]],"o":[[0.491,0.512],[0.768,0],[0.491,-0.512],[0,-0.747],[-0.49,-0.512],[-0.768,0],[-0.49,0.512],[0,0.747]],"v":[[117.792,7.888],[119.68,8.656],[121.568,7.888],[122.304,6],[121.568,4.112],[119.68,3.344],[117.792,4.112],[117.056,6]]},"ix":2}},{"ty":"fl","bm":0,"hd":false,"mn":"ADBE Vector Graphic - Fill","nm":"Fill 1","c":{"a":0,"k":[0.8157,0.6824,0.4235],"ix":4},"r":1,"o":{"a":0,"k":100,"ix":5}},{"ty":"tr","a":{"a":0,"k":[0,0],"ix":1},"s":{"a":0,"k":[100,100],"ix":3},"sk":{"a":0,"k":0,"ix":4},"p":{"a":0,"k":[0,0],"ix":2},"r":{"a":0,"k":0,"ix":6},"sa":{"a":0,"k":0,"ix":5},"o":{"a":0,"k":100,"ix":7}}]}],"ind":1},{"ty":4,"nm":"Letters","sr":1,"st":0,"op":300,"ip":0,"hd":false,"ddd":0,"bm":0,"hasMask":false,"ao":0,"ks":{"a":{"a":0,"k":[0,0,0],"ix":1},"s":{"a":0,"k":[100,100,100],"ix":6},"sk":{"a":0,"k":0},"p":{"a":0,"k":[133,26.5,0],"ix":2},"r":{"a":0,"k":0,"ix":10},"sa":{"a":0,"k":0},"o":{"a":0,"k":100,"ix":11}},"ef":[],"shapes":[{"ty":"gr","bm":0,"hd":false,"mn":"ADBE Vector Group","nm":"Letters","ix":1,"cix":2,"np":1,"it":[{"ty":"rc","bm":0,"hd":false,"mn":"ADBE Vector Shape - Rect","nm":"Rectangle Path 1","d":1,"p":{"a":0,"k":[0,0],"ix":3},"r":{"a":0,"k":0,"ix":4},"s":{"a":0,"k":[266,53],"ix":2}},{"ty":"tr","a":{"a":0,"k":[0,0],"ix":1},"s":{"a":0,"k":[100,100],"ix":3},"sk":{"a":0,"k":0,"ix":4},"p":{"a":0,"k":[0,0],"ix":2},"r":{"a":0,"k":0,"ix":6},"sa":{"a":0,"k":0,"ix":5},"o":{"a":0,"k":100,"ix":7}}]}],"ind":2}]}]}